Itemcode,Barcode,ItemName,Unit,PhysicalCount,Converted,Region,CountingTime
100276,MN080201,CHUPA CHUPS Keo Mut 10g/1 Que,QUE,100,1,Display,20210329163618
104064,8934588063053,AQUAFINA Nuoc Suoi Tinh Khiet 500ml/1 Chai,CHAI,15,1,Display,20210329160845
104284,8935049510673,COCA COLA Nuoc Ngot Co Ga 390ml/1 Chai,CHAI,5,1,Display,20210329160905
104325,8935049510840,DASANI Nuoc Suoi Tinh Khiet 500ml/1 Chai,CHAI,15,1,Display,20210329160842
104507,8936079140014,HIGHLANDS Ca Phe Sua Da 235ml /1 Lon,LON,17,1,Backroom,20210329161157
104662,8935005801135,LAVIE Nuoc Khoang 500ml/1 Chai,CHAI,15,1,Display,20210329160900
104777,8934588223051,LIPTON Tra Den Chanh 455ml/1 Chai,CHAI,1000,1,Display,20210329160924
105135,8997035600638,POCARI SWEAT Nuoc Uong Bo Sung I-on 500ml/1 Chai,CHAI,10,1,Display,20210329160742
105290,8888196170712,POKKA Tra O Long 500ml/1 Chai,CHAI,10,1,Display,20210329160730
105642,8935049510727,TEPPY Nuoc Ep Cam 1L/1 Chai,CHAI,5,1,Display,20210329160953
106012,8935001212522,WONDERFARM Nuoc Yen 240ml/1 Lon,LON,5,1,Backroom,20210329161159
106244,8934822901332,LARUE Bia 330ml/1 Lon,LON,5,1,Backroom,20210329161216
106672,8936036200195,ZOROK Bia Lager 500ml/1 Lon,LON,5,1,Display,20210329163222
107743,8801104122528,ENCHO BAR Kem So Co La 85ml/ 1 Que,QUE,5,1,Display,20210329163516
107779,8801104190718,ICE SANDWICH Kem Dau Do 150ml/1 Goi,GOI,10,1,Display,20210329163522
107793,8801104122504,MELONA Kem Dua Luoi 80ml/1 Que,QUE,10,1,Display,20210329163514
108034,8851932115896,CORNETTO Kem Dau Hanh Nhan 88g/1 Cay,CAY,10,1,Display,20210329163500
108199,3415581139181,HAAGEN DAZS Kem Hat Macadamia 100ml/1 Hop,HOP,5,1,Display,20210329163508
109026,8851932080149,TOP TEN Kem Vani 57g/1 Que,QUE,10,1,Display,20210329163442
109193,8935004401282,555 Thuoc La Gold 20 Dieu/1 Goi,GOI,5,1,Display,20210329155717
109258,8935004401190,555 Thuoc La Bac 90 20 Dieu/1 Goi,GOI,5,1,Display,20210329155716
109284,8935004400940,DUNHILL Thuoc La Vi Bac Ha 20 Dieu/1 Goi,GOI,5,1,Display,20210329155722
109325,8935004400889,KENT Thuoc La Nanotek 20 Dieu/1 Goi,GOI,10,1,Display,20210329155804
109337,89301210,MARLBORO Thuoc La Do 20 Dieu/1 Goi,GOI,7,1,Display,20210329160520
109349,89301388,MARLBORO Thuoc La Den Vi Bac Ha 20 Dieu/1 Goi,GOI,7,1,Display,20210329160515
109351,89302972,MARLBORO Thuoc La Gold 20 Dieu/1 Goi,GOI,10,1,Display,20210329160511
114124,8934680040136,KINH DO Banh Mi Sua 100g/1 Goi,GOI,4,1,Bad Merchandise,20210329163007
116213,8934563123130,HAO 100 Mi Tom Chua Cay 60g/1 Goi,GOI,20,1,Backroom,20210329161847
117217,8934563619138,MODERN Mi Lau Thai 65g/1 Ly,LY,12,1,Backroom,20210329161917
117516,8934563506155,NHO MAI MAI Mi Lau Thai 84g/1 To,TO,12,1,Backroom,20210329161856
117994,8934841396102,OVALTINE Sua Lua Mach Socola 180ml/1 Hop,HOP,8,1,Display,20210329155247
118106,031146150601,SHIN Mi Cay 120g/1 Goi,GOI,5,1,Backroom,20210329161811
118118,031146270606,SHIN Mi Cay 68g/1 Ly,LY,12,1,Backroom,20210329161902
119966,9556007000532,HOMESOY Sua Dau Nanh 1L/1 Hop,HOP,5,1,Display,20210329155459
119966,9556007000532,HOMESOY Sua Dau Nanh 1L/1 Hop,HOP,1,1,Backroom,20210329161340
120123,8934804025766,MILO Sua Lua Mach 180ml/1 Hop,HOP,10,1,Display,20210329155257
120317,8934673601825,VINAMILK Sua Chua An Nha Dam 100g/1 Hop,HOP,24,1,Display,20210329155339
120379,8934673573399,VINAMILK Sua Tiet Trung Co Duong 1L/1 Hop,HOP,7,1,Display,20210329155450
120379,8934673573399,VINAMILK Sua Tiet Trung Co Duong 1L/1 Hop,HOP,8,1,Backroom,20210329161405
120410,8934673501354,VINAMILK Sua Tiet Trung Khong Duong 220ml/1 Goi,GOI,10,1,Backroom,20210329161410
120525,8934673607827,VINAMILK Sua Chua An Vi Dau 100g/1 Hop,HOP,5,1,Bad Merchandise,20210329162854
120537,8934673606820,VINAMILK Sua Chua An Co Duong 100g/1 Hop,HOP,5,1,Bad Merchandise,20210329162853
120549,8934572194176,VISSAN Xuc Xich Bo 40g/1 Cay,CAY,129,1,Backroom,20210329161913
121074,8935020209602,DA LAT Ruou Vang Trang 12% Do Con 750ml/1 Chai,CHAI,1,1,Display,20210329155653
121206,8934591001042,HALICO Ruou Vodka Ha Noi 300ml/1 Chai,CHAI,2,1,Display,20210329155708
121218,8934591001196,HALICO Ruou Vodka Ha Noi 700ml/1 Chai,CHAI,2,1,Display,20210329155711
124844,4005808330430,NIVEA MEN Lan Ngan Mui Mat Lanh 50ml/1 Chai,CHAI,1,1,Not Yet Receiving,20210329162834
150350,CK09000003,THUAN LOI Nap Ly Nhua/1 Cai,CAI,1,1,Backroom,20210329161534
151782,8931106001016,TP Banh Bao Trung Cut 150g/1 Cai,CAI,5,1,Display,20210329163848
151794,8931106001009,TP Banh Bao Trung Muoi & Cut 170g/1 Cai,CAI,8,1,Display,20210329163859
152093,CK11060101,TP Banh Bao Cade/1 Cai,CAI,6,1,Display,20210329163909
152108,CK11060102,TP Banh Bao Khoai Mon/1 Cai,CAI,6,1,Display,20210329163926
152352,8934673500357,VINAMILK Sua Tiet Trung Co Duong 220ml/1 Goi,GOI,21,1,Backroom,20210329161407
152873,8935012413307,SAIGON Bia Cao Cap 330ml/1 Lon,LON,7,1,Display,20210329163220
152970,8934840000185,VINH HAO Nuoc Khoang Co Ga 500ml/1 Chai,CHAI,9,1,Display,20210329160850
153560,8851932145329,TOP TEN Kem So Co La 57g/1 Que,QUE,10,1,Display,20210329163440
154833,8934868111757,LIFEBUOY Sua Tam Bao Ve Vuot Troi 250g/1Chai,CHAI,5,1,Display,20210329163801
157108,8934673314909,NGOI SAO PHUONG NAM Sua Dac 1284g/1 Hop,HOP,12,1,Display,20210329163750
158308,8851932115919,CORNETTO Kem Roy Chocoluv 88g/1 Cay,CAY,5,1,Display,20210329163502
158633,8934698060010,LEO Nuoc Khoang Chanh 350ml/1 Chai,CHAI,10,1,Display,20210329160737
159477,8935217400058,TH Sua Tiet Trung Nguyen Chat 180ml/1 Hop,HOP,9,1,Display,20210329155425
160119,8934588873058,TEA+ Tra O Long 455ml/1 Chai,CHAI,5,1,Display,20210329160928
160444,8934680045698,KINH DO BM Tuoi Burger Bo 70g/1 Goi,GOI,5,1,Bad Merchandise,20210329163020
161979,8850999113005,SINGHA Bia Nhap Khau Cao Cap Lager 330ml/1 Lon,LON,12,1,Display,20210329163225
162632,8997035600645,POCARI SWEAT Nuoc Uong Bo Sung I-on 350ml/1 Chai,CHAI,10,1,Display,20210329160736
162632,8997035600645,POCARI SWEAT Nuoc Uong Bo Sung I-on 350ml/1 Chai,CHAI,10,1,Display,20210329160739
163256,8935004400957,KENT Thuoc La  iSwitch 20 Dieu/1 Goi,GOI,10,1,Display,20210329155805
165595,8935049510871,AQUARIUS Nuoc Suoi The Thao 390ml/1 Chai,CHAI,24,1,Backroom,20210329161248
166220,8936104380057,CUNG DINH Mi Lau Tom Chua Cay 71g/1 Ly,LY,5,1,Backroom,20210329161906
168052,8935024115169,TRUNG NGUYEN Ca Phe Chu S 500g/1 Goi,GOI,18,1,Display,20210329155538
168646,8938503416283,YEN VIET Chao Yen Thit Bam 50g/1 Goi,GOI,5,1,Backroom,20210329162006
169090,89303375,MARLBORO Thuoc La Advance 20 Dieu/1 Goi,GOI,5,1,Display,20210329155852
169943,8936122200023,MR.BROWN Cappucino 240ml/1 Lon,LON,21,1,Backroom,20210329161218
171788,8934868147428,SUNLIGHT Nuoc Rua Chen Chanh 400g/1 Chai,CHAI,3,1,Display,20210329163757
173934,8934563102166,THE GIOI MI Mi Lau Thai 80g/1 Goi,GOI,5,1,Backroom,20210329161837
175342,8934803027549,C+ Nuoc Bo Sung Vitamin C Soda Chanh 350ml/1 Chai,CHAI,10,1,Display,20210329160741
177742,8936011775502,MERINO Kem Dau Xanh Yen Mach 60g/1 Que,QUE,10,1,Display,20210329163456
177750,8936011775519,MERINO Kem Dau Do Gao Lut 60g/1 Que,QUE,5,1,Display,20210329163451
177938,8935136874206,X-MEN Lan Ngan Mui For Boss 50ml/1 Chai,CHAI,4,1,Not Yet Receiving,20210329162821
178170,089686010947,INDOMIE Mi Goreng Dac Biet 85g/1 Goi,GOI,15,1,Backroom,20210329161851
179760,8850370721119,CHA TAR MUA Tra Thai Do 400g*1PA,GOI,2,1,Display,20210329155554
180818,8934563183158,HAO HAO Mi Sa te Hanh Cay 74g/1 Goi,GOI,12,1,Backroom,20210329161844
182404,8934588012228,PEPSI Nuoc Ngot Lon Cao 330ml/1 Lon,LON,10,1,Display,20210329163546
183109,8934588013133,PEPSI Nuoc Ngot Huong Cola 390ml/1 Chai,CHAI,5,1,Display,20210329160908
183125,8934588883132,MIRINDA Nuoc Ngot Huong Cam 390ml/1 Chai,CHAI,5,1,Display,20210329160906
183133,8934588133138,MIRINDA Nuoc Ngot Huong Xa Xi 390ml/1 Chai,CHAI,5,1,Display,20210329160911
183191,8934673502351,VINAMILK Sua Tiet Trung Vi Dau 220ml/1 Goi,GOI,8,1,Display,20210329155435
183214,8934673605823,VINAMILK Sua Chua An Khong Duong 100g/1 Hop,HOP,10,1,Bad Merchandise,20210329162856
183963,8850393919975,BETAGEN Sua Chua Uong 400ml/1 Chai,CHAI,13,1,Display,20210329155410
184147,8801382124528,WOONGJIN Nuoc Gao 500ml/1 Chai,CHAI,9,1,Display,20210329160949
184244,9300727011343,JACOB'S CREEK Ruou Vang Do Merlot 750ml/1 Chai,CHAI,2,1,Display,20210329155704
184414,9310578031643,BERRI ESTATES Ruou Vang Do Cabernet Sauvignon 750ml/1 Chai,CHAI,3,1,Display,20210329155656
185460,8938508547562,BIBIGO Kim Chi Cai Thao 100g/1 Goi,GOI,5,1,Display,20210329154626
185486,8801104940146,BINGGRAE Sua Tiet Trung Vi Dua Luoi 200ml/1 Hop,HOP,5,1,Display,20210329155249
188395,8855790000028,CARABAO Nuoc Tang Luc 250ml/1 Lon,LON,15,1,Backroom,20210329161252
188573,8934772225076,RED HORSE Bia 500ml/1 Lon,LON,18,1,Backroom,20210329161213
190805,8936094292309,BECK'S Bia 500ml/1 Lon,LON,7,1,Backroom,20210329161211
190805,8936094292309,BECK'S Bia 500ml/1 Lon,LON,5,1,Display,20210329163229
194647,2900011946473,TP Banh Bao Hoang Kim/1 Cai,CAI,9,1,Display,20210329163957
196241,8935217400195,TH Sua Tiet Trung Co Duong 220ml/1 Goi,GOI,5,1,Display,20210329155445
196851,8935001847557,THIEN LONG Tap NB083 120 Trang/1 Cai,QUYEN,1,1,Display,20210329163808
197530,8934680089685,KINH DO Bong Lan Cam Nhat 50g/1 Goi,GOI,3,1,Bad Merchandise,20210329163023
198829,8850124025258,NESCAFE Ca Phe Latte 180ml/1 Lon,LON,17,1,Backroom,20210329161220
201020,8801104180115,ICE SANDWICH Kem Dau 150ml/1 Goi,GOI,10,1,Display,20210329163525
202660,8850393800440,BETAGEN Sua Chua Uong Khong Beo 300ml/1 Chai,CHAI,5,1,Display,20210329155402
203137,8938507322511,HNF Bao Tay Nylon 100 Cai/1 Hop,HOP,8,1,Backroom,20210329161422
204743,8801073113268,SAMYANG Mi Ga Cay Pho Mai 140g/1 Goi,GOI,5,1,Backroom,20210329161821
204751,8801073110502,SAMYANG Mi Kho Ga Cay 140g/1 Goi,GOI,15,1,Backroom,20210329161819
205171,3415587403187,HAAGEN DAZS Kem Vani Caramen Hanh Nhan 80ml/1 Que,QUE,10,1,Display,20210329163504
209557,8850393800679,BETAGEN Sua Chua Uong Vi Dua 300ml/1 Chai,CHAI,10,1,Display,20210329155405
212924,2900012129240,THUAN LOI Ly Nhua S (50 cai x 12oz)/1 Goi,GOI,4,1,Display,20210329163729
212990,2900012129905,CK Ly Froster M (50 cai x 16oz)/1 Goi,GOI,5,1,Display,20210329163735
213093,8801104305136,ICE SANDWICH Kem Tra Xanh 150ml/1 Goi,GOI,5,1,Display,20210329163528
213239,8934988063042,MEIZAN Dau An 5L/1 Chai,CHAI,1,1,Display,20210329155544
213425,8935049500711,FUZE TEA Tra Chanh Day Hat Chia 450ml/1 Chai,CHAI,4,1,Display,20210329160919
213441,8938502525313,THO PHAT Dorayaki SCL 40g/1 Goi,GOI,15,1,Display,20210329155105
213459,8938502525320,THO PHAT Dorayaki C.Bong 40g/1 Goi,GOI,15,1,Display,20210329155103
214269,8934563193263,SIU KAY Mi Cay Hai San 128g/1 Goi,GOI,24,1,Backroom,20210329161842
214706,8888296038271,CORNICHE Mallows Thach 70g/1 Goi,GOI,2,1,8934563506155,20210329163107
214837,8935311110563,VIFON Chao Nam Dong Co 70g/1 Goi,GOI,5,1,Backroom,20210329162004
215833,8801068038262,SAMLIP Banh Pho Mai 105g/ 1 Cái,GOI,5,1,Display,20210329155025
215841,070074118659,ENSURE Sua Dinh Duong Vani 237ml/1 Chai,CHAI,6,1,Backroom,20210329161339
216740,8935006359253,OTTO BM Sua 90g/ 1 Goi,GOI,5,1,Bad Merchandise,20210329163009
217217,8934868137139,CIF Lau Da Nang Sieu Nhanh 520ml/1 Chai,CHAI,3,1,Display,20210329163758
219324,8936104380200,CUNG DINH Mi Chay 69g/1 Ly,LY,12,1,Backroom,20210329161904
219714,8935007147156,LOTHAMILK Sua Chua Uong 490ml/1 Chai,CHAI,12,1,Display,20210329155417
221949,8934680045650,KINH DO BLan Tuoi Hat SCL 50g/1 Goi,GOI,2,1,Bad Merchandise,20210329163026
222050,89302965,MARLBORO Thuoc La FLavour Code 20 Dieu/1 Goi,GOI,10,1,Display,20210329155856
222563,8936113000014,THAI SON Sua Bap 330ml/1 Chai,CHAI,8,1,Display,20210329155134
222563,8936113000014,THAI SON Sua Bap 330ml/1 Chai,CHAI,5,1,Bad Merchandise,20210329162849
223048,8934563151157,HAO HAO Mi Tom Xao Chua Ngot 75g/1 Goi,GOI,20,1,Backroom,20210329161849
223462,7804634121505,VIESTA Ruou Vang Do Cabernet Sauvignon 12.5% Do Con 750ml/1 Chai,CHAI,1,1,Display,20210329155658
223527,8934673132343,VINAMILK Sua Tiet Trung It Duong 220ml/1 Goi,GOI,8,1,Display,20210329155430
224442,8935212810111,ROMANO Lan Ngan Mui Classic 50ml/1Chai,CHAI,2,1,Not Yet Receiving,20210329162825
224971,8934563131258,SIU KAY Mi Cay Bo 127g/1 Goi,GOI,10,1,Backroom,20210329161839
225707,8934841902327,HOAN HAO Sua Dac 1270g/1 Hop,HOP,18,1,Display,20210329163937
225901,8934804030692,NESCAFE Ca Phe Sua Hoa Tan (10 goi x 20g)/1 Hop,HOP,11,1,8934563506155,20210329163105
226575,8936049051128,OTTOGI Mi Yeul Cay 120g/1 Goi,GOI,5,1,Backroom,20210329161814
226698,8934822111212,STRONGBOW Nuoc Tao Len Men Vi Tao 330ml/1 Lon,LON,19,1,Backroom,20210329161204
227149,4897090994663,SUNITY Cao Quy Linh Truyen Thong 215g/1 Hop,HOP,6,1,Display,20210329155306
227149,4897090994663,SUNITY Cao Quy Linh Truyen Thong 215g/1 Hop,HOP,4,1,Display,20210329155310
229426,2100012294263,CK Ly Ca Phe VN S (50 cai x 12oz)/1 Goi,GOI,1,1,Backroom,20210329161431
231376,8938523370015,HS VIET Sua Chua Nep Cam 160g/1 Hop,HOP,20,1,Display,20210329155359
234633,8935040402335,IMPERIAL BLUE Ruou Whisky 700ml/1 Chai,CHAI,2,1,Display,20210329155713
236601,8934637513423,CHOLIMEX Tuong Ot Chai Nhua830g/1 Chai,CHAI,4,1,Display,20210329155556
238140,8938502525146,CK Trung Cut Luoc 10 Cai/1 Goi,GOI,3,1,Display,20210329155121
238459,8936064240019,QL Trung Ga 6 Qua/1 Goi,GOI,12,1,Display,20210329154623
239112,8936127790017,TH Nuoc Tinh Khiet 500ml/1 Chai,CHAI,10,1,Display,20210329160757
240244,8936151030790,GTJ Dua Tuoi/1 Trai,TRAI,30,1,Display,20210329155320
240244,8936151030790,GTJ Dua Tuoi/1 Trai,TRAI,12,1,Bad Merchandise,20210329162904
240888,8934822201210,HEINEKEN Bia Silver 330ml/1 Lon,LON,5,1,Backroom,20210329161209
240985,2100012409858,CK Ly Nhua L (50 cai x 22oz)/1 Goi,GOI,8,1,Backroom,20210329161552
242107,7610700004029,RICOLA Keo Thao Moc Tu Nhien 40g/1 Hop,HOP,5,1,8934563506155,20210329163059
242149,2100012421492,CK Dui Ga Nuong Teriyaki/1 Goi,GOI,5,1,Display,20210329155125
242458,8855796021089,VOLA TWIZT Nuoc Trai Cay Len Men Vi Dau Tam & Viet Quoc 275ml/1 Chai,CHAI,13,1,Backroom,20210329161231
242466,8855796021072,VOLA TWIZT Nuoc Trai Cay Len Men Vi Dau & Vai 275ml/1 Chai,CHAI,17,1,Backroom,20210329161228
242814,8936049051401,OTTOGI Mi Bo Ham 120g/1 Goi,GOI,5,1,Backroom,20210329161834
243721,8934841902761,YOMOST Nuoc Uong Sua Trai Cay Huong Chanh Day Bac Ha 270ml/1 chai,CHAI,5,1,Display,20210329160935
244882,8934804034058,MILO Sua Lua Mach It duong 180ml/1 Hop,HOP,10,1,Display,20210329155254
244913,2100012449137,JBF Sandwich Thit Nguoi Pho Mai/1 Cai,CAI,1,1,Display,20210329155115
245197,8935049501190,FUZE TEA Tra Chanh Sa 450ml/1 Chai,CHAI,5,1,Display,20210329160926
247694,8801118252570,LOTTE Kem Sua Chua Viet Quat 85ml/1 Que,QUE,5,1,Display,20210329163453
248608,8936105164823,SILVA Tui Rac Tu Huy 3p/1 Goi,GOI,1,1,Display,20210329163811
250150,8850228003541,WARRIOR Nuoc Tang Luc Dau 330ml/1 Chai,CHAI,12,1,Display,20210329160750
250168,8850228005446,WARRIOR Nuoc Tang Luc Nho 330ml/1 Chai,CHAI,12,1,Display,20210329160753
250689,8936136160481,COMPACT Nuoc Tang Luc Dau 330ml/1 Chai,CHAI,10,1,Display,20210329160755
251106,8801043044059,NONGSHIM Mi Cay Chapaghetti 137g/1Goi,GOI,7,1,Backroom,20210329161816
251423,9556007002260,HOMESOY Sua Dau Nanh Vi Dua Luoi 250ml/1 Hop,HOP,1,1,Backroom,20210329161349
251546,2900012515463,JBF Com Nam Ca Hoi Mayo/1 Cai,CAI,1,1,Display,20210329155118
251570,2900012515708,JBF Com Tron Han Quoc/1 Hop,HOP,5,1,Display,20210329155129
252097,8801100128906,GOODDAY Ruou Soju Vi Dao 13.5% Do Con 360ml/1 Chai,CHAI,15,1,Backroom,20210329161233
253019,8934614030509,FAMI Sua Dau Nanh Canxi It Duong 200ml/1 Hop,HOP,5,1,Backroom,20210329161347
253394,8935049501244,AQUARIUS Nuoc Uong The Thao Zezo 390ml/1 Chai,CHAI,10,1,Display,20210329160744
253556,8934673700108,ICY Nuoc Tinh Khiet 450ml/1 Chai,CHAI,5,1,Display,20210329160903
253792,9556007000877,HOMESOY Sua Dau Nanh Vi Duong Nau 250ml/1 Hop,HOP,8,1,Display,20210329155302
253807,8936137310144,MOO Sua Chua An It Duong 180g/1 Hop,HOP,5,1,Display,20210329155341
253807,8936137310144,MOO Sua Chua An It Duong 180g/1 Hop,HOP,20,1,Bad Merchandise,20210329162901
254528,8935001282440,IMUSE Nuoc Uong Vi Chanh Sua Chua 280ml/1 Chai,CHAI,7,1,Backroom,20210329161331
254528,8935001282440,IMUSE Nuoc Uong Vi Chanh Sua Chua 280ml/1 Chai,CHAI,5,1,Backroom,20210329161335
256025,8936136160825,OMACHI Mi Xot Tom Pho Mai Trung Muoi 105g/1 To,TO,12,1,Backroom,20210329161854
256059,8936122200207,MR.BROWN Tra Sua 320ml/1 Lon,LON,10,1,Backroom,20210329161207
256067,4710085121045,YOGOFRESH Nuoc Vi Sua Chua 580ml/1 Chai,CHAI,5,1,Display,20210329160836
256677,8934772745079,SAN MIGUEL Bia Light 500ml/1 Lon,LON,2,1,Display,20210329163223
257746,8936036201444,HOEGAARDEN Bia Rosee 330ml/1 Lon,LON,9,1,Backroom,20210329161224
257851,8936049051616,OTTOGI Mi Yeul Cay 62g/1 Ly,LY,5,1,Backroom,20210329161910
258784,8936175702390,HUNUFA Ly Canh Rong Bien/1 Cai,CAI,2,1,Backroom,20210329161604
258784,8936175702390,HUNUFA Ly Canh Rong Bien/1 Cai,CAI,5,1,Display,20210329163720
258970,8935007131100,LOTHAMILK Sua Tiet Trung Co Duong 180ml/1 Hop,HOP,6,1,Display,20210329155420
259405,8935015402254,CHUONG DUONG Sa Xi 390ml/1 Chai,CHAI,12,1,Display,20210329160747
260367,8938508730575,VPMILK DALAT Sua Thanh Trung It Duong  200ml/1 Chai,CHAI,6,1,Display,20210329155345
260781,8938507849094,COCOXIM Nuoc Dua Xiem Xanh 1L/1 Hop,HOP,5,1,Display,20210329160945
261020,6001108006745,TABLE MOUTAIN Ruou Vang Do Cabernet Sauvignon 750ml/1 Chai,CHAI,2,1,Display,20210329155701
262791,8936146440474,G Cha Lua Trung Muoi 200g/1 Goi,GOI,3,1,Display,20210329154643
262806,8936146440085,G Xuc Xich Xong Khoi 200g/1 Goi,GOI,12,1,Display,20210329154640
262814,8936146440559,G Xuc Xich Pho Mai 200g/1 Goi,GOI,12,1,Display,20210329154634
263153,8936076270219,CK Banh Mi Que Dam Bong Pho Mai/1 Cai,CAI,5,1,Display,20210329155111
264117,8935217464548,TH TRUE NUT Sua Hanh Nhan 180ml/1 Hop,HOP,8,1,Display,20210329155300
265202,8936127790147,TH Nuoc Gao Rang 300ml/1 Chai,CHAI,10,1,Display,20210329160729
265317,8888017300571,HEINEKEN Bia Khong Con 330ml/1 Lon,LON,6,1,Backroom,20210329161256
265862,8935117702115,ANH HONG Thach Dua 190g/1 Ly,LY,3,1,Display,20210329155132
265862,8935117702115,ANH HONG Thach Dua 190g/1 Ly,LY,4,1,Bad Merchandise,20210329162906
265888,8936049051722,OTTOGI Mi Jin Lau Thai 115g/1 Goi,GOI,7,1,Backroom,20210329161830
266274,8935049501367,FANTA Soda Kem 600ml/1 Chai,CHAI,10,1,Display,20210329160913
267424,8934683008737,B'SFAST Ngu Coc (20goix25g)/1 Goi,GOI,5,1,Backroom,20210329161358
267466,8938502525054,THO PHAT Banh Bao Khong Nhan 300g/1 Goi,GOI,1,1,Display,20210329163559
267987,8938510335782,ECOBA Gao Huu Co Huyen Me 1kg/1 Hop,HOP,3,1,8938510335782,20210329162025
268006,8938510335775,ECOBA Gao Huu Co Huyet Rong 1kg/1 Hop,HOP,4,1,8938510335782,20210329162031
269751,8934804037783,MILO Sua Ngu Coc Nap Van 200ml/1 Hop,HOP,10,1,Display,20210329155138
269751,8934804037783,MILO Sua Ngu Coc Nap Van 200ml/1 Hop,HOP,4,1,Backroom,20210329161353
269751,8934804037783,MILO Sua Ngu Coc Nap Van 200ml/1 Hop,HOP,4,1,Bad Merchandise,20210329162916
270540,2100012705400,CK Dimsum Thap Cam 120g*1BOX,HOP,2,1,Display,20210329155124
270540,2100012705400,CK Dimsum Thap Cam 120g*1BOX,HOP,2,1,Bad Merchandise,20210329162913
270752,8938503131933,DALAT Sua Tiet Trung It Duong 220ml/1 Goi,GOI,21,1,Backroom,20210329161402
270760,8938503131759,DALAT STT Co Duong 220ml*1PK,GOI,21,1,Backroom,20210329161419
270906,6921168593569,NONG FU SPRING Tra O Long Dao 500ml/1 Chai,CHAI,15,1,Display,20210329160941
270998,8938512932132,SAI GON SCU Set Viet Quat 300ml*1BT,CHAI,6,1,Display,20210329155413
271457,8936124240430,LE PAIN DORE SW Ngu Coc 100g*1PK,GOI,1,1,Bad Merchandise,20210329163034
271562,8801030000488,CHUM-CHURUM Soju Vi Viet Quat 360ml/1 Chai,CHAI,12,1,Backroom,20210329161239
271588,2100012715881,CK Dui Ga Hap Tam Vi*1PK,GOI,3,1,Bad Merchandise,20210329162909
271669,8935004401268,555 Thuoc La Bam Sphere 90 20 Dieu/1Goi,GOI,5,1,Display,20210329155720
271782,8850125097773,OREO Kem Sandwich 60g/1 Goi,GOI,10,1,Display,20210329163533
272097,8851932415613,ASIAN DELIGHT Kem Tra Sua 63g/1Que,QUE,5,1,Display,20210329163446
272356,8934588662027,PEPSI BLACK Nuoc Ngot Co Ga Khong Calo 330ml/1 Lon,LON,10,1,Display,20210329163549
272801,8888296038493,MARSHMALLOWS K.D Vi Xoai 70g/ 1 Goi,GOI,8,1,8934563506155,20210329163112
272877,3467452037355,MAJORETTE BST Banh Xe*1UN,CAI,3,1,8934563506155,20210329163118
273043,8936127792110,TH TRUE Nuoc Ep Oi 350ml/1 Chai,CHAI,10,1,Display,20210329160733
273051,8936127793001,TH TRUE Nuoc Ep Chuoi Xoai 300ml/1 Chai,CHAI,12,1,Display,20210329160726
273069,8935049501527,COCA COLA LIGHT Nuoc Ngot Co Ga Lon Cao 320ml/1 Lon,LON,5,1,Backroom,20210329161205
273108,8935049501602,SCHWEPPES Tonic Lon Cao 320ml/1 Lon,LON,25,1,Backroom,20210329161202
273205,8936064240026,QL Raw Material Chicken Egg (FS)/1 Blister,VI,2,1,Display,20210329155548
273205,8936064240026,QL Raw Material Chicken Egg (FS)/1 Blister,VI,50,1,Display,20210329155643
273687,8935005800145,LAVIE Nuoc Khoang 700ml/1 Chai,CHAI,10,1,Display,20210329160834
300640,8936124240072,LE PAIN DORE BM Socola 40g/1 Pack,GOI,12,1,Bad Merchandise,20210329163018
300645,9551001410073,YOBICK Sua Chua Uong Vi Dua 180ml/1 Chai,CHAI,5,1,Backroom,20210329161333
300708,2100013007084,CK VN Coffee Cup Size L (50 unit x 22oz)/1 Pack,GOI,6,1,Backroom,20210329161612
300748,8938530324087,AURA Nuoc Tang Luc Vi Nho Cola 240ml/1 Lon,LON,7,1,Display,20210329160933
300752,8936011779555,CELANO Kem Tran Chau Hoang Kim 65g/1 Que,QUE,10,1,Display,20210329163444
300754,8938512833750,FUJIWA Nuoc Uong I-On Kiem 680ml/1 Chai,CHAI,7,1,Display,20210329160838
300757,8808024028831,JARDIN OUR TEA Tra Ba Tuoc 500ml/1 Chai,CHAI,15,1,Display,20210329160937
300792,8934673581394,VINAMILK Sua Tiet Trung It Duong 1L/1 Hop,HOP,5,1,Display,20210329155454
300795,8936071070333,NISSIN Mi Ga Cay 71g/1 Goi,GOI,5,1,Backroom,20210329161826
300805,8934841902877,DUTCH LADY Sua Chua Uong Tu Nhien 180ml/1 Hop,HOP,7,1,Bad Merchandise,20210329162920
300826,2100013008265,KHP Nhan 250g/1 Vi,VI,2,1,Display,20210329155328
300832,8934804039220,MILO Sua Ngu Coc 180ml/1 Hop,HOP,18,1,Display,20210329155252
300920,8935029600011,MARLBORO Thuoc La Do Crafted 20 Dieu/1Goi,GOI,2,1,Display,20210329155725
300943,8935049501633,FUZE TEA Tra Chanh Sa 1L/1 Chai,CHAI,7,1,Display,20210329160951
300971,4014400915945,WERTHER'S ORIGINAL Keo Kem Caramen Ca Phe 50g/1 Thanh,THANH,7,1,8934563506155,20210329163102
301054,8936013237725,SG FOOD Chao Ca & Dau Xanh 270g/1 Goi,GOI,1,1,Backroom,20210329161956
301055,8936013230368,SG FOOD Chao Thit Than & Rau Cu 270g/1 Goi,GOI,3,1,Backroom,20210329162001
301196,8850125000094,NAMA Kem So Co La Den Brownie 65g/1 Que,QUE,5,1,Display,20210329163520
301271,8936124240294,LE PAIN DORE Banh Madeleine Chanh 100g/1 Goi,GOI,9,1,Bad Merchandise,20210329163037
301298,6901035622493,TSINGTAO Bia Khong Con 330ml/1 Lon,LON,12,1,Display,20210329163226
,8936076270189,savoure banh trung vang,CAI,5,1,Display,20210329155015
,8936076270110,savoure banh bong lan cuon,CAI,3,1,Display,20210329155057
,8938502525467,xiu mai,GOI,1,1,Display,20210329155634
,8934674013313,caraven do,GOI,10,1,Display,20210329155757
,8936009052226,winston purple,GOI,5,1,Display,20210329155847
,8935005801173,lavie 400ml,CHAI,14,1,Backroom,20210329160828
,8934588013270,pepsi loc 6,LOC,2,6,Backroom,20210329161035
,8934588293030,tea loc 6,LOC,1,6,Backroom,20210329161119
,8934822201333,heineken 2,LON,1,1,Backroom,20210329161322
,2900012129820,hop nhua my tron,LOC,6,1,Backroom,20210329161457
,8934588063398,aquafina 500,THUNG,2,24,Backroom,20210329161742
,8936073171069,chaos tuoi ga ac dau xanh,GOI,3,1,Display,20210329161950
,8934841901856,dutch lady co duong 180ml,HOP,5,1,Display,20210329162958
,8934822201319,heineken thung,LON,1,24,Display,20210329163208
100410,8936114080022,COOL AIR Gum Bac Ha 58.4g/1 Hu,HU,2,1,Display,20210329113602
100642,8997018484217,WRIGLEY'S DOUBLEMINT Keo Ngam Bac Ha Cam 23.8g/1 Hop,HOP,5,1,Display,20210329113617
100654,8857122621376,WRIGLEY'S DOUBLEMINT Keo Ngam Chanh 23.8g/1 Hop,HOP,5,1,Display,20210329113619
100666,8997018480769,WRIGLEY'S DOUBLEMINT Keo Ngam Bac Ha 23.8g/1 Hop,HOP,5,1,Display,20210329113615
102432,9300682001311,M&M So Co La Sua Dau Phong 90g/1 Goi,GOI,6,1,Display,20210329113558
104038,8934588063176,AQUAFINA Nuoc Suoi Tinh Khiet 5L/1 Chai,CHAI,4,1,Display,20210329113236
107779,8801104190718,ICE SANDWICH Kem Dau Do 150ml/1 Goi,GOI,24,1,Display,20210329113537
107793,8801104122504,MELONA Kem Dua Luoi 80ml/1 Que,QUE,39,1,Display,20210329113457
108034,8851932115896,CORNETTO Kem Dau Hanh Nhan 88g/1 Cay,CAY,25,1,Display,20210329113427
108034,8851932115896,CORNETTO Kem Dau Hanh Nhan 88g/1 Cay,CAY,25,1,Display,20210329113432
108199,3415581139181,HAAGEN DAZS Kem Hat Macadamia 100ml/1 Hop,HOP,25,1,Display,20210329113437
108656,8851932030618,WALL'S Kem So Co La 55g/1 Hop,HOP,16,1,Display,20210329113342
109193,8935004401282,555 Thuoc La Gold 20 Dieu/1 Goi,GOI,10,1,Display,20210329113749
109258,8935004401190,555 Thuoc La Bac 90 20 Dieu/1 Goi,GOI,8,1,Display,20210329113746
109337,89301210,MARLBORO Thuoc La Do 20 Dieu/1 Goi,GOI,5,1,Display,20210329113741
109349,89301388,MARLBORO Thuoc La Den Vi Bac Ha 20 Dieu/1 Goi,GOI,20,1,Display,20210329113739
109351,89302972,MARLBORO Thuoc La Gold 20 Dieu/1 Goi,GOI,30,1,Display,20210329113735
109545,8857107232016,TAOKAENOI BIG SHEET Rong Bien Vi Truyen Thong 3.2g/1 Goi,GOI,26,1,Display,20210329111329
109583,8859559600931,CHA CHEER Hat Huong Duong Ngu Vi 130G/ Goi,GOI,9,1,Display,20210329111623
109600,8859559600962,CHA CHEER Hat Huong Duong Vi Dua 130G/1 Goi,GOI,12,1,Display,20210329111627
109818,770795005596,DAN-D-PAK Hat Dieu Khong Muoi 50g/1 Goi,GOI,6,1,Display,20210329111814
109820,770795511417,DAN-D-PAK Hat Dieu Mu Tat 50g/1 Goi,GOI,16,1,Display,20210329111811
110116,8858702402194,TAOKAENOI HI TEMPURA Rong Bien Vi Cay 25g/1 Goi,GOI,4,1,Display,20210329111342
110659,8934738971030,NHAT ANH Hat De Cuoi 150g/1 Goi,GOI,5,1,Display,20210329111731
111940,8886467100017,PRINGLES Khoai Tay Chien Tu Nhien 107g/1 Tuyp,TUYP,6,1,Display,20210329112242
112035,8886467100024,PRINGLES Khoai Tay Chien Vi Kem & Hanh 107g/1 Tuyp,TUYP,6,1,Display,20210329112239
112229,8852052150101,RUAY PUAN Snack Tom 20g/1 Goi,GOI,6,1,Display,20210329112330
112281,8934680011488,SLIDE Potato Chips BBQ 75g/1 Tuyp,TUYP,7,1,Display,20210329112226
112293,8934680011228,SLIDE KTC Cay Nong 160g/1 Tuyp,TUYP,6,1,Display,20210329112214
112308,8934680011495,SLIDE KTC Cay Nong 75g/1 Tuyp,TUYP,5,1,Display,20210329112219
112310,8934680011198,SLIDE Khoai Tay Chien Tu Nhien 160g/1 Tuyp,TUYP,6,1,Display,20210329112211
112566,020916054119,TAISUN Hat De California 40g/1 Goi,GOI,6,1,Display,20210329111737
112774,8857107231057,TAOKAENOI Rong Bien Vi Cay 15g/1 Goi,GOI,5,1,Display,20210329111403
112798,8857107231040,TAOKAENOI Rong Bien Vi Truyen Thong 15g/1 Goi,GOI,2,1,Display,20210329111356
113003,8934688905055,TUYEN KY Kho Bo Cari 35g/1 Goi,GOI,8,1,Display,20210329111932
113168,8934743042961,VINAMIT Trai Cay Say 100g/1 Goi,GOI,9,1,Display,20210329111555
113493,8936036020403,CHOCO-PIE Banh Phu So Co La  2 Goi 66g/1 Hop,HOP,5,1,Display,20210329113843
116689,9310055615021,KELLOGG'S Ngu Coc Frosties 30g/1 Hop,HOP,6,1,Display,20210329113918
117401,8934673314503,NGOI SAO PHUONG NAM Sua Dac 380g/1 Lon,LON,6,1,Display,20210329113916
117736,8934673302814,ONG THO Sua Dac Co Duong Hop Do 40g/1 Goi,GOI,6,1,Display,20210329113914
121206,8934591001042,HALICO Ruou Vodka Ha Noi 300ml/1 Chai,CHAI,4,1,Display,20210329113713
121775,5410316519724,SMIRNOFF Ruou Vodka Do 39% Do Con 700ml/1 Chai,CHAI,4,1,Display,20210329113723
122157,9322214008988,YELLOW TAIL Ruou Vang Do Cabernet Sauvignon 750ml/1 Chai,CHAI,5,1,Display,20210329113709
123979,5038483151648,DUREX Bao Cao Su King Tex 3 Cai/1 Hop,HOP,6,1,Display,20210329110708
123993,5010232955233,DUREX Bao Cao Su Performa 3 Cai/1 Hop,HOP,4,1,Display,20210329110728
124014,5038483234198,DUREX Bao Cao Su Pleasure max 3 Cai/1 Hop,HOP,3,1,Display,20210329110719
124064,8850163000100,DUREX Bao Cao Su Fetherlite 3 Cai/1 Hop,HOP,4,1,Display,20210329110714
124076,5038483492871,DUREX Bao Cao Su Fetherlite Ultima 12 Cai/1 Hop,HOP,2,1,Display,20210329110638
124088,5038483492901,DUREX Bao Cao Su Fetherlite Ultima 3 Cai/1 Hop,HOP,6,1,Display,20210329110757
124363,5411416820024,HELEN HARPER Bong Tay Trang 80M/1 Goi,GOI,6,1,Display,20210329112708
124521,8888336008936,KOTEX Style Bang Ve Sinh Sieu Mong Canh 8pcs/1Goi,GOI,4,1,Display,20210329112602
124961,4005808355648,NIVEA Sua Duong The Trang Da Dem 250ml/1 Chai,CHAI,4,1,Display,20210329112520
125135,4547691439628,OKAMOTO Bao Cao Su 0.03 Platinum 3 Cai/1 Hop,HOP,2,1,Display,20210329110847
125197,4547691239129,OKAMOTO Bao Cao Su Purity 3 Cai/1 Hop,HOP,3,1,Display,20210329110823
125226,4547691239105,OKAMOTO Bao Cao Su Strawberry 3 Cai/1 Hop,HOP,6,1,Display,20210329110839
125240,4547691239082,OKAMOTO Bao Cao Su Vanilla 3 Cai/1 Hop,HOP,3,1,Display,20210329110829
125252,4983435758400,OKAMURA Cay Cao Luoi 2pcs/1 Vi,CAY,2,1,Display,20210329112908
125886,8934868113607,SUNSILK Dau Xa Sieu Mem Muot 170g/1 Chai,CHAI,6,1,Display,20210329112738
126062,8936035200073,VEDETTE MNG Trang Da D.Leo 22ml/1Goi,GOI,4,1,Display,20210329112654
131275,8933602213023,CIRCLE K Hop Quet/1 Cai,CAI,16,1,Display,20210329110915
133132,8935001820062,THIEN LONG But Xoa CP02/ 1 Cay,CAY,4,1,Display,20210329112426
133431,8936000910969,KEM NGHIA Kem Mong Thep 205/1 Cai,CAI,4,1,Display,20210329113021
133455,8936000910747,KEM NGHIA Nhip N-401/1 Cai,CAI,5,1,Display,20210329113033
153196,3415584126188,HAAGEN DAZS Kem Tra Xanh 100ml/ 1 Hop,HOP,14,1,Display,20210329113442
153502,4547691705938,OKAMOTO Bao Cao Su Crown Nho SM 10 Cai/1 Hop,HOP,3,1,Display,20210329110803
154825,4800888161215,DOVE Lan Ngan Mui Trang Tu Nhien 40ml/1 Chai,CHAI,5,1,Display,20210329112515
154930,4901301043207,LAURIER Bang Ve Sinh Hang Ngay KM 20pcs/1Goi,GOI,4,1,Display,20210329112609
155978,8935039510911,AJIMAYO Xot Mayonnaise 130g/1 Tuyp,TUYP,4,1,Display,20210329113942
156534,8801328400341,GLADE Sap Thom Huong Som Mai/1 Hop,HOP,4,1,Display,20210329113016
157182,8886467100031,PRINGLES Khoai Tay Chien Vi  Pho Mai 107g/1 Tuyp,TUYP,6,1,Display,20210329112236
158308,8851932115919,CORNETTO Kem Roy Chocoluv 88g/1 Cay,CAY,34,1,Display,20210329113421
159443,4005808660971,NIVEA MEN Sua Rua Mat Kiem Soat Nhon & Ngua Mun Bun Khoang 50g/1 Tuyp,TUYP,5,1,Display,20210329112817
160054,8935212810029,ROMANO Dau Goi Classic 180g/1Chai,CHAI,5,1,Display,20210329112819
162195,8991380232261,LOREAL Sua Rua Mat Sang Da 50ml/1 Tuyp,TUYP,6,1,Display,20210329112735
163256,8935004400957,KENT Thuoc La  iSwitch 20 Dieu/1 Goi,GOI,10,1,Display,20210329113733
163337,8886467100260,PRINGLES Khoai Tay Chien Tu Nhien 42g/1 Tuyp,TUYP,6,1,Display,20210329112204
163345,8886467100246,PRINGLES Khoai Tay Chien Kem Chua & Hanh 42g/1 Tuyp,TUYP,3,1,Display,20210329112208
163492,8858702410816,TAOKAENOI BIG ROLL Rong Bien Gion Truyen Thong 3g/1 Goi,GOI,25,1,Display,20210329111242
163515,8858702410847,TAOKAENOI BIG ROLL Rong Bien Vi Cay 3g/1 Goi,GOI,35,1,Display,20210329111221
164074,8888336008080,KOTEX Bang Ve Sinh Hang Ngay TN Khang Khuan 20M/1Goi,GOI,1,1,Display,20210329112546
164074,8888336008080,KOTEX Bang Ve Sinh Hang Ngay TN Khang Khuan 20M/1Goi,GOI,4,1,Display,20210329112604
164309,5038483234167,DUREX Bao Cao Su Pleasuremax 12s/1 Hop,HOP,2,1,Display,20210329110653
164317,5010232955226,DUREX Bao Cao Su Performa 12s/1 Hop,HOP,2,1,Display,20210329110647
170025,4548623236315,JOMI Phim Sieu Tham Dau 70pcs/1 Goi,GOI,4,1,Display,20210329112648
170978,9300607176377,BAND-AID Bang Ca Nhan 50M/1 Hop,HOP,4,1,Display,20210329112942
172441,8935020232013,DA LAT Ruou Vang Do Strong 16% Do Con 750ml/1 Chai,CHAI,6,1,Display,20210329113706
172645,8934755010033,DIANA Bang Ve Sinh BD Co Canh 28cm 4pcs/1Goi,GOI,6,1,Display,20210329112558
172831,2110001728310,MINH THU Do Khui Da Nang/1 Cai,CAI,4,1,Display,20210329113025
173489,8935200766116,NGO QUANG Keo Hoc Sinh 6611/1 Goi,GOI,4,1,Display,20210329112411
173756,6924247407221,NGO QUANG But Nuoc 2 Cay CK-722/1 Goi,GOI,6,1,Display,20210329112417
174354,8935001712282,MENTOS Keo Ngam Khong Duong Bac Ha 35g/1 Hop,HOP,5,1,Display,20210329113803
175643,8934831183408,NHABEXIMS Chuoi Say 100g/1 Goi,GOI,6,1,Display,20210329111538
176178,8852052110600,HANAMI Snack Tom 110g/1 Hop,LON,6,1,Display,20210329112325
177205,8934755010255,SENSI Bang Ve Sinh Sieu Mong Canh 23cm 8pc/1Goi,GOI,14,1,Display,20210329112549
177213,8934755010248,SENSI Bang Ve Sinh Dem DNC CC 29cm 4pcs/1Goi,GOI,6,1,Display,20210329112724
177221,8934755010156,DIANA Bang Ve Sinh Sieu Tham Sieu Mong Canh 8pcs/1Goi,GOI,12,1,Display,20210329112552
177221,8934755010156,DIANA Bang Ve Sinh Sieu Tham Sieu Mong Canh 8pcs/1Goi,GOI,6,1,Display,20210329112854
177310,8934755020018,DIANA UNIQ Bang Ve Sinh Sieu Mong Canh 8pcs/1Goi,GOI,1,1,Display,20210329112555
177734,8936011775526,MERINO Kem Khoai Mon Lua Mach 60g/1 Que,QUE,36,1,Display,20210329113354
177742,8936011775502,MERINO Kem Dau Xanh Yen Mach 60g/1 Que,QUE,34,1,Display,20210329113403
177750,8936011775519,MERINO Kem Dau Do Gao Lut 60g/1 Que,QUE,39,1,Display,20210329113359
177776,8936011775403,MERINO Kem Cacao 78g/1 Que,QUE,31,1,Display,20210329113307
177938,8935136874206,X-MEN Lan Ngan Mui For Boss 50ml/1 Chai,CHAI,5,1,Display,20210329112756
177946,8935136873209,X-MEN Xit Ngan Mui For Boss 150ml/1 Chai,CHAI,2,1,Display,20210329112809
179906,8934803027624,STRIP FRIES Khoai Tay Que Vi Muoi 27g/1 Goi,GOI,5,1,Display,20210329112314
180240,8938503008082,SAKURA T.Bong Dau Chuan 200pcs/1Hop,HOP,4,1,Display,20210329112946
180258,8938503008129,SAKURA T.Bong R.Tai Tre Em180pc/1Hop,HOP,4,1,Display,20210329112944
180931,8857107232023,TAOKAENOI BIG SHEET Rong Bien Vi Cay 3.2g/1 Goi,GOI,25,1,Display,20210329111321
182674,8850157400077,BENTO Muc Tam Gia Vi Cay Ngot 6g/1 Goi,GOI,25,1,Display,20210329112106
182682,8850157400206,BENTO Muc Tam Gia Vi Thai 6g/1 Goi,GOI,3,1,Display,20210329112102
182721,8935001712527,ALPENLIEBE Keo Trai Cay 87.5g/1 Goi,GOI,6,1,Display,20210329113849
183997,8935032210115,TUAN DAT Hat Dieu Lua 50g/1 Goi,GOI,9,1,Display,20210329111805
184024,5052197036190,DUREX Bao Cao Su Kingtex 12 Cai/1 Hop,HOP,1,1,Display,20210329110628
184040,5052197042870,K-Y Gel Boi Tron 50g/1 Tuyp,TUYP,6,1,Display,20210329110813
184040,5052197042870,K-Y Gel Boi Tron 50g/1 Tuyp,TUYP,4,1,Display,20210329110834
184040,5052197042870,K-Y Gel Boi Tron 50g/1 Tuyp,TUYP,6,1,Display,20210329110930
184325,5020535003494,DENTIPLUS XTM Khong Duong 25ml/1 Chai,CHAI,4,1,Display,20210329112937
184414,9310578031643,BERRI ESTATES Ruou Vang Do Cabernet Sauvignon 750ml/1 Chai,CHAI,3,1,Display,20210329113703
184430,5052197025699,DUREX Bao Cao Su RealFeel 3 Cai/1 Hop,HOP,6,1,Display,20210329110752
188882,8935118306312,GOLDEN FARM Bo Dau Phong Min 170g/1 Hu,HU,6,1,Display,20210329113920
190423,8936075240398,SANDRA'S Tinh Dau Duong Da Oliu 88ml/1Chai,CHAI,4,1,Display,20210329112950
190431,8936075240206,BEAUMORE Sua Rua Mat Hat Mo/1Tuyp,TUYP,6,1,Display,20210329112720
190766,8993175535878,NABATI Banh Xop Pho Mai 50g/1 Goi,GOI,6,1,Display,20210329113837
191330,8850718808410,LAY'S STAX Khoai Tay Chien Vi Muc Cay 105g/1 Tuyp,TUYP,3,1,Display,20210329112250
192768,8887549053757,PANASONIC Pin Than AAA 2pcs/1 Vi,VI,5,1,Display,20210329112401
192776,8887549037221,PANASONIC Pin Than AA 4pcs/1 Vi,VI,7,1,Display,20210329112357
195928,3760100680577,EVOLUDERM Nuoc Hoa Hong Duong Am 250ml/1 Chai,CHAI,6,1,Display,20210329112712
195978,3760100682298,EVOLUDERM Xit Khoang 150ml/1 Chai,CHAI,6,1,Display,20210329112710
196851,8935001847557,THIEN LONG Tap NB083 120 Trang/1 Cai,QUYEN,6,1,Display,20210329112429
197459,8934868114680,VASELINE Sua Duong The HH 10T1 200ml/1 Chai,CHAI,1,1,Display,20210329112524
197603,8850360039477,VEET Kem Tay Long Da Thuong 50g/1 Hop,HOP,6,1,Display,20210329112511
199859,5052197050233,DUREX Bao Cao Su Invisible 3 Cai/1 Hop,HOP,6,1,Display,20210329110734
199948,8936026320070,JABAN Rong Bien Say 80g/1 Goi,GOI,1,1,Display,20210329111259
201020,8801104180115,ICE SANDWICH Kem Dau 150ml/1 Goi,GOI,6,1,Display,20210329113544
202369,8935212800105,ENCHANTEUR Sua Tam Nuoc Hoa 180g/1Chai,CHAI,6,1,Display,20210329112740
202416,8935212810180,ROMANO Gel Vuot Toc 150g/1Tuyp,TUYP,5,1,Display,20210329112813
203030,769828301934,MELONA Kem Vi Dua 80ml/1 Que,QUE,25,1,Display,20210329113504
204191,8938508547388,BIBIGO Snack Rong Bien Truyen Thong 25g/1 Goi,GOI,6,1,Display,20210329111437
207319,8850029015200,NIVEA Nuoc Tay Trang 125ml/1 Chai,CHAI,6,1,Display,20210329112715
207830,9556076012672,AMBI PUR Sap Khu Mui Oai Huong 180g/1 Hop,HOP,4,1,Display,20210329113007
208593,4893776000772,SENSODYNE Kem Danh Rang Trang Tu Nhien100g/1Hop,HOP,5,1,Display,20210329112934
209670,2900012096702,MINH THU Bai Tay /1 Bo,BO,4,1,Display,20210329112454
213093,8801104305136,ICE SANDWICH Kem Tra Xanh 150ml/1 Goi,GOI,6,1,Display,20210329113530
214285,5052197050264,DUREX Bao Cao Su Invisible 10s/1Hop,HOP,1,1,Display,20210329110659
214502,5900020027948,KOKO KRUNCH Banh Ngu Coc So Co La 25g/1 Thanh,THANH,36,1,Display,20210329113642
214887,8934572372567,VISSAN NGONGON Cha Gio An Lien 50g/1 Goi,GOI,6,1,Display,20210329112053
216075,4902430647229,TIDE Bot Giat Trang 800g/1 Goi,GOI,4,1,Display,20210329113042
216203,8938509506049,NLF Vo Buoi Say 85g/1 Goi,GOI,8,1,Display,20210329111600
216203,8938509506049,NLF Vo Buoi Say 85g/1 Goi,GOI,7,1,Display,20210329111606
216570,051131921276,COMMAND 3M Moc Treo 1.3kg 2pcs/1 Vi,VI,4,1,Display,20210329113026
216740,8935006359253,OTTO BM Sua 90g/ 1 Goi,GOI,6,1,Display,20210329113145
217021,8936066340458,KEWPIE Nuoc Cham Me Rang 180ml/1 Chai,CHAI,6,1,Display,20210329113933
217102,8938504340990,Nam Xanh Tac Say Deo Suka 140g/1 Hop,HOP,3,1,Display,20210329111544
217110,8938504340020,NAM XANH Gung Nuong Mat Ong 80g/1 Hop,HOP,2,1,Display,20210329111549
219007,8936009150991,GREELUX Xit Thom Mieng Bac Ha 12ml/1Hop,HOP,4,1,Display,20210329112948
220812,8936036025293,TAYO!X Snack K.Tay Tao Ngot 30g/1 Goi,GOI,6,1,Display,20210329112310
223226,8935001713128,CHUPA CHUPS Keo Deo Gau 90g/1 Goi,GOI,6,1,Display,20210329113833
223771,8934738971061,NHAT ANH Hat De Cuoi 50g/1 Goi,GOI,5,1,Display,20210329111725
224557,8935107200799,KOTEX Bang Ve Sinh Thao Duoc 23cm 8pcs/1Goi,GOI,4,1,Display,20210329112600
225082,8936117790140,POKEMON Keo Do Choi Series 2 12g/1 Hop,HOP,6,1,Display,20210329113823
227327,8809239220546,CHOCOROCK Keo Khi Lac 8g/1 Cai,CAI,6,1,Display,20210329113827
227466,4977564650049,PLUS Keo But/1 Cai,CAI,6,1,Display,20210329112421
227482,8936007456224,PLUS But Chi Do Hoa 3pcs/1 Goi,GOI,5,1,Display,20210329112419
227490,8936007454732,PLUS Bang Keo/1 Cai,CAI,6,1,Display,20210329112414
227717,8935102114114,COLGATE Ban Chai Danh Rang Spiral 360 /1 Cay,CAY,3,1,Display,20210329112900
227814,8938507179290,DAM SEN Ghe Sua Rim 150g/1 Hop,HOP,6,1,Display,20210329112024
227898,4719745504389,DERMA ANGEL Dan Tri Mun Ngay & Dem/1 Hop,HOP,4,1,Display,20210329112645
228941,8992222055109,GATSBY Nuoc Hoa Clear Mind 60ml/1 Chai,CHAI,5,1,Display,20210329112801
229303,8801104307154,BINGGRAE Kem BBBig Injeolmi 75ml/1 Que,QUE,25,1,Display,20210329113453
229866,4710168714812,COLGATE Ban Chai Danh Rang Sieu Mem Tre Em /1 Cay,CAY,6,1,Display,20210329112916
230532,8936503747475,TINH NGUYEN Banh Trang Ot 100g/1 Goi,GOI,3,1,Display,20210329112045
230736,8859219481269,ORAL CLEAN Ban Chai Danh Rang Than Sieu Mem 2pcs/1 Cay,CAY,3,1,Display,20210329112910
230752,8852660616082,ORAL CLEAN Ban Chai Danh Rang Tre Em Formula-1/1 Cay,CAY,5,1,Display,20210329112914
231897,4547691762368,OKAMOTO Bao Cao Su 0.03 Cool 3 Cai/1 Hop,HOP,3,1,Display,20210329110843
231902,4547691714398,OKAMOTO Bao Cao Su 0.03 S.Mong 3 Cai/1 Hop,HOP,6,1,Display,20210329110852
231986,8935001841456,THIEN LONG Bang Keo Trong Co Tem BKT08/1 Cai,CUON,4,1,Display,20210329112450
236172,8934839124106,CLOSE UP Kem Danh Rang Than Hoat Tinh & Dua 180g/1 Hop,HOP,6,1,Display,20210329112923
237877,770795101007,DAN-D ORGANIC Hat De 100g/1 Goi,GOI,6,1,Display,20210329111851
238132,8934588363061,MIRINDA Nuoc Ngot Soda Kem 1.5L/1 Chai,CHAI,4,1,Display,20210329113226
239170,8934564600692,C2 Hong Tra Dao 455ml/1 Chai,CHAI,4,1,Display,20210329113240
240781,8936065141049,DAILY CARE To In 18oz 10pcs/1 Goi,LOC,4,1,Display,20210329112502
241965,6924187822153,CHA CHEER Hat Huong Duong Nguyen Vi 130G/1 Goi,GOI,6,1,Display,20210329111633
242937,8934868113744,SUNSILK Dau GoiMem Muot DieuKy 320g/1Chai,CHAI,5,1,Display,20210329112826
242979,8934868148968,OMO Bot Giat He Bot T. Minh 3kg/1 Goi,GOI,5,1,Display,20210329113040
243048,4902430826242,DOWNY Nuoc Xa Diu Nhe 1.6L/1 Goi,GOI,4,1,Display,20210329113051
243789,8935001879381,THIEN LONG But Mau Van TCRC04/DO 12pcs/1 Hop,HOP,6,1,Display,20210329112409
244060,8809639171707,SARANGHAEYO Mat Na Trang Sang 25ml/1 Goi,GOI,4,1,Display,20210329112651
245498,8934804026817,MAGGI Nuoc Tuong Dau Nanh 700ml/1 Chai,CHAI,6,1,Display,20210329113947
245935,8935149501045,TAI TAI Dau Phong Cot Dua 150g/1 Goi,GOI,17,1,Display,20210329111718
247416,8851818205772,LAURIER Bang Ve Sinh SS Cool 22.5cm 8pcs/1Goi,GOI,4,1,Display,20210329112611
247555,6920354814471,COLGATE Kem Danh Rang Optic White Plus 100g/1 Hop,HOP,5,1,Display,20210329112929
248577,8936105164786,SILVA Dua 25p MS4786/1 Goi,GOI,4,1,Display,20210329112457
248608,8936105164823,SILVA Tui Rac Tu Huy 3p/1 Goi,GOI,2,1,Display,20210329113003
249159,8934688195050,TUYEN KY Kho Bo Tu Xuyen 35g/1 Goi,GOI,6,1,Display,20210329111924
249476,6902395498926,LOREAL Nuoc Tay Trang Sach Sau 95ml/1Chai,CHAI,6,1,Display,20210329112717
249890,9555192502630,WRIGLEY'S DOUBLEMINT Gum Huong Nho 58.4g/1 Hu,HU,3,1,Display,20210329113604
251164,8809686381500,SARANGHAEYO Kem Duong Da Tay H.Sen 50ml/1 Tuyp,TUYP,4,1,Display,20210329112535
251172,8809631872282,SARANGHAEYO Dau Goi Keratin 200ml/1 Chai,CHAI,5,1,Display,20210329112830
251669,8934755021077,SOFY Bang Ve Sinh Sieu Mong Canh Cool Fresh 23cm 8pcs/1Goi,GOI,5,1,Display,20210329112614
251708,8934839122607,P/S Ban Chai Danh Rang Than Bac Sieu Mem 2pcs/1 Bo,BO,3,1,Display,20210329112903
251716,8999999520182,REXONA MEN Lan Ngan Mui Invisible 50ml/1Chai,CHAI,5,1,Display,20210329112759
251758,8938530880019,2G Gao Lut Say & Rong Bien 250g/1 Hop,HOP,3,1,Display,20210329111307
251766,8938530880026,2G Rong Bien Say Toi 100g/1 Hop,HOP,5,1,Display,20210329111313
252194,8809617940745,TOM'S FARM Hanh Nhan Tam Mat Ong 30g/1 Goi,GOI,11,1,Display,20210329111857
252209,8809617940394,TOM'S FARM Hanh Nhan Tam Dau Tay 30g/1 Goi,GOI,11,1,Display,20210329111901
252225,8809617940769,TOM'S FARM Hanh Nhan Tam Wasabi 30g/1 Goi,GOI,7,1,Display,20210329111906
253962,9555192506485,5 Gum Huong Dua Hau 32g/1 Thanh,THANH,6,1,Display,20210329113606
253988,6914973607729,SNICKERS So Co La Yen Mach Hat De 40g/1 Thanh,THANH,6,1,Display,20210329113559
254031,8935149502011,TAI TAI Dau Phong Toi Ot 90g/1 Goi,GOI,6,1,Display,20210329111721
254900,8938507179450,DAM SEN Muc Xe Gion 60g/1 Hop,HOP,6,1,Display,20210329111946
255281,4580390216022,CLARISTA Sua Rua Mat Tao Bot Than 160g/1 Chai,CHAI,6,1,Display,20210329112722
255956,4897097920061,FRUITFUL Xoai Say Deo 50g/1 Goi,GOI,6,1,Display,20210329111528
258530,8858718625532,SMOOTO Mat Na Duong Trang 10ml/1Goi,GOI,1,1,Display,20210329112702
259316,4800888211538,AXE Nuoc Hoa Dark Temptation 17ml/1 Cai,CAI,25,1,Display,20210329112805
261020,6001108006745,TABLE MOUTAIN Ruou Vang Do Cabernet Sauvignon 750ml/1 Chai,CHAI,3,1,Display,20210329113700
261313,8934681129533,MEN BIORE Sua Rua Mat Mat Lanh 100g/1Tuyp,TUYP,5,1,Display,20210329112815
261321,8936080882798,PROCARE Khan Mat Soi Tre 35*75cm/1 Cai,CAI,2,1,Display,20210329113102
262288,8936076453582,FADELY Banh Trang Kho Ga Xe 40g/1 Ly,LY,3,1,Display,20210329112031
262288,8936076453582,FADELY Banh Trang Kho Ga Xe 40g/1 Ly,LY,5,1,Display,20210329112036
262301,8936076453889,FADELY Banh Trang Tom Hanh 32g/1 Ly,LY,6,1,Display,20210329112034
262636,8935107200836,KOTEX Bang Ve Sinh Hang Ngay Diu Mat 20pcs/1Goi,GOI,4,1,Display,20210329112606
263056,4806534410003,DUREX Bao Cao Su Strawberry 3 Cai/1 Hop,HOP,5,1,Display,20210329110739
263064,4806534410010,DUREX Bao Cao Su Chocolate 3 Cai/1 Hop,HOP,7,1,Display,20210329110746
264078,8936011773966,CELANO Kem Tra Sua Tran Chau 100g/1 Hop,HOP,24,1,Display,20210329113409
264086,8936011773959,CELANO Kem Banh Ca Tra Sua Tran Chau 100g/1 Goi,GOI,6,1,Display,20210329113324
264484,9556241600925,SNEK KU SHOYUE Snack Mi Vi Tieu 112g/1 Goi,GOI,3,1,Display,20210329111617
265244,8934803012255,OISHI Banh Tom Cay 80g/1 Goi,GOI,6,1,Display,20210329112341
265969,8936135432008,MR VIET Ca Phe 3in1 (5goix17g)/1 Hop,HOP,6,1,Display,20210329113859
267018,8934563065249,HAO HAO Muoi Tom Chua Cay 120g/1 Hu,HU,6,1,Display,20210329113929
267440,8936136161143,CHINSU Tuong Ot 500g/1 Chai,CHAI,5,1,Display,20210329113936
267505,8934696003804,HA LONG Ca Ngu Huong Duong 175g/1 Lon,LON,6,1,Display,20210329113922
267521,8934696002074,HA LONG Heo Hai Lat 150g/1 Lon,LON,6,1,Display,20210329113925
267937,8934868135647,LIPTON Tra Sua Olong (8goix17g)/1 Hop,HOP,6,1,Display,20210329113905
268048,9556991002758,ALLADDIN Hop Quet CauThu Bong Da/1 Cai,CAI,6,1,Display,20210329110900
268315,8859219481245,ORALCLEAN BCDR Carbon Gold 2cai/1Vi,VI,5,1,Display,20210329112912
269298,8936131790164,PICHI Banh Trang Cuon Ga LC 100g/1 Hop,HOP,4,1,Display,20210329112028
269866,4897010448061,SKITTLES Keo Vi Chua 40g/ 1Goi,GOI,6,1,Display,20210329113556
270859,8801382702726,WOONGJIN Kem Nuoc Gao 80ml/1 Que,QUE,24,1,Display,20210329113508
271180,8934572375452,NGONGON D.Heo Gion Toi Ot 20g*1PK,GOI,5,1,Display,20210329112057
271237,9555192507116,ECLIPSE Vien Ngam Vi Bac Ha 35g/ 1Tin,HOP,6,1,Display,20210329113609
271245,9555192507215,ECLIPSE Vien Ngam Vi B.Ha Luc 35g/ 1Tin,HOP,6,1,Display,20210329113613
271279,9555192506218,ECLIPSE Vien Ngam Vi Dau 35g/ 1Tin,HOP,6,1,Display,20210329113611
271669,8935004401268,555 Thuoc La Bam Sphere 90 20 Dieu/1Goi,GOI,20,1,Display,20210329113753
271782,8850125097773,OREO Kem Sandwich 60g/1 Goi,GOI,49,1,Display,20210329113520
271871,4820005927586,LIMO Kem Socola Big Star 100g/1 Goi,GOI,12,1,Display,20210329113329
271994,8934839125905,P/S Ban Chai Danh Rang White Detox Trang Rang/1 Cay,CAY,3,1,Display,20210329112905
272097,8851932415613,ASIAN DELIGHT Kem Tra Sua 63g/1Que,QUE,13,1,Display,20210329113319
272209,8859578600974,PLAY MORE Keo Bom Bong Bong 10g/1 Cai,CAI,6,1,Display,20210329113829
272819,8888296038554,MARSHMALLOWS K.Deo Mini 200g/ 1 Goi,GOI,6,1,Display,20210329113853
272843,4006592921446,MASHA & BEAR Bo Suu Tap Bup Be*1PK,GOI,4,1,Display,20210329112443
272869,3467452055182,MAJORETTE BST Xe Trung*1UN,CAI,4,1,Display,20210329112438
300595,5900020033956,FITNESS Banh Ngu Coc SCL Chuoi 23.5g/1 Thanh,THANH,25,1,Display,20210329113637
300628,6920354827464,COLGATE Kem Danh Rang Max Fresh Than Tre 200g/ 1Hop,HOP,5,1,Display,20210329112925
300632,8850006604793,PROTEX Nuoc Rua Tay Keo Ong 250ml/ 1Chai,CHAI,1,1,Display,20210329112542
300633,8850006602744,PROTEX Sua Tam Cuc Mat Lanh 500ml/ 1Chai,CHAI,5,1,Display,20210329112824
300723,8936105164762,SILVA Mang Boc Thuc Pham 30cmx15m/1 Hop,HOP,4,1,Display,20210329113018
300740,8936011771337,CELANO Kem Sua Chua Nam Viet Quat 125ml/1 Hop,HOP,16,1,Display,20210329113347
300752,8936011779555,CELANO Kem Tran Chau Hoang Kim 65g/1 Que,QUE,16,1,Display,20210329113301
300807,8935006540583,MENTHOLATUM Son Duong Moi 4,3g/ 1 Cay,CAY,4,1,Display,20210329112640
300872,8850006332559,COLGATE BCDR Long Chai Nguyen Khoi 2 Cay/ 1 Cai,CAI,6,1,Display,20210329112857
300940,8801038577340,DORCO Dao Cao Rau TG-II 5 Cay/ 1 Goi,CAY,6,1,Display,20210329112845
300971,4014400915945,WERTHER'S ORIGINAL Keo Kem Caramen Ca Phe 50g/1 Thanh,THANH,25,1,Display,20210329113137
301384,8936146441723,G Da Ca Trung Muoi 50g/1 Goi,GOI,6,1,Display,20210329112112
301387,8934688002150,TUYEN KY Kho Ga Re-Mon 150g/1 Hop,HOP,14,1,Display,20210329111941
301389,8934688001108,TUYEN KY Kho Bo Ca Ry Lat 100g/1 Hop,HOP,6,1,Display,20210329111911
301390,8935006701793,THAIFRUITZ Sau Rieng Say 40g/1 Goi,GOI,3,1,Display,20210329111424
301393,8936134320269,THAIFRUITZ Anh Dao Say 30g/1 Goi,GOI,6,1,Display,20210329111411
301394,8936134320214,THAIFRUITZ Cam Thai Say 30g/1 Goi,GOI,6,1,Display,20210329111414
,8934822132330,tigers ` thung,THUNG,6,24,Display,20210329110337
,8934822813338,tigeer x\ bac,THUNG,2,24,Display,20210329110448
,726893113107,one , bcs,CAI,3,1,Display,20210329111104
,726893113114,one;bcs,CAI,3,1,Display,20210329111207
,6924187839977,chacheer'h,BICH,14,1,Display,20210329111709
,8935090910842,dan d pak.,BICH,14,1,Display,20210329111843
,8938507179245,muc rim me,HOP,4,1,Display,20210329112020
,8936079121020,lay  \,BICH,6,1,Display,20210329112139
